Answer_ID,Jawaban_Mahasiswa,Kode_Jawaban_Dosen,Nilai_Human_Rated
601,"komputer adalah alat yang sudah sangat kompleks, secara umum komputer bekerja dengan dalam tiga tahap yaitu input, prosess dan output. Dimasa ini, komputer sangat beragam fungsi dan bentuknya, termasuk game console.",te_1,80
602,"Komputer adalah perangkat yang menerima data mentah, kemudian di olah dan hasilnya berupa informasi yang bervariasi, seperti teks, gambar dan lainnya",te_1,83
603,"secara bahasa, computer berasal dari kata compute (computare dalam yunani) yang berarti menghitung
 jadi, komputer adalah perangkat yang mampu melakukan komputasi
 
 komputer adalah perangkat yang terdiri dari banyak komponen dan saling terhubung sehingga dapat melakukan komputasi sistematis dengan sendirinya",te_1,90
604,Komputer adalah mesin atau perangkat elektronik yang didesain untuk menyimpan dan memproses data informasi.,te_1,82
605,"Komputer adalah perangkat elektronik yang menerima, menyimpan dan memproses data menjadi informasi secara matematis atau logis sesuai dengan serangkaian instruksi yang diprogram.",te_1,95
606,"komputer merupakan hardware yang mampu menerima (input), memproses, menyimpan dan menmberikan (output) informasi dari serangkaian perintak yang diberikan.",te_1,90
607,"Komputer adalah sebuah perangkat elektronik yang dirancang untuk menerima, menyimpan, memproses, dan menghasilkan data atau informasi. Komputer dapat melakukan berbagai jenis tugas sesuai dengan perintah yang diberikan. Komputer terdiri dari berbagai komponen, seperti CPU, keyboard, mouse, monitor, dan lainnya.",te_1,90
608,"komputer adalah sebuah kelompok perangkat keras yang terdiri dari input, output, pengelola input serta pengelola output yang saling bekerja sama untuk melakukan perintah yang diminta oleh user.",te_1,80
609,"Komputer adalah suatu perangkat elektronik yang digunakan untuk mengolah data. Komputer terdiri dari beberapa operasi yaitu input, output, proses, dan penyimpanan",te_1,78
610,Sebuah alat yang mengolah input dan peralatan output yang memberikan informasi serta bekerja secara otomatis,te_1,72
611,komputer adalah alat elektronik yang dapat membantu manusia dalam mempermudah urusannya dalam pengelolaan informasi dan data,te_1,72
612,"komputer merupakan sebuah alat yang dapat menerima, mengolah, dan menghasilkan data menjadi informasi",te_1,78
613,"komputer adalah sebuah perangkat yang dapat memanipulasi informasi dan dapat menyimpan, mengambil atau memproses sebuah data",te_1,78
614,komputer merupakan perangkat elektronik yang digunakan untuk membantu pekerjaan,te_1,67
615,komputer adalah suatu alat elektronik yang dapat menerima dan memproses data,te_1,73
616,"Komputer adalah perangkat elektronik yang dapat menerima, mengolah, dan menyimpan data.",te_1,78
617,sebuah perangkat keras yang dapat memudahkan kita untuk mengerjakan segala kebutuhan di dunia nyata,te_1,65
618,"Sebuah alat yang bisa digunakan untuk memasukan input perintah, mengolah perintah tersebut dan akan menampilkan output untuk mengambil kesimpulan",te_1,73
619,"Suatu perangkat keras yang berfungsi untuk menerima dan mengolah data agar menjadi informasi. Data tersebut berupa gambar, informasi, suara, dsb.",te_1,77
620,"* Meningkatkan efisiensi waktu dalam mengolah data.
 * Mendapatkan hasil yang lebih akurat 
 * Meminimalisir human error",te_2,97
621,"Transaksi lebih mudah
 Mempercepat penyebaran iklan
 Promosi yg beragam",te_2,83
622,"efisiensi waktu, efisiensi biaya, dan efisiensi sumber daya",te_2,90
623,"Keuntungan yang diperoleh dari penerapan teknologi dalam kegiatan bisnis:
 * Ketika kita dapat melihat tren pasar, atau tren-jual beli produk, sebagai pemilik bisnis dapat menentukan strategi untuk pengembangan bisnis
 * Berdasarkan data, misal data penjualan ecommerce, dengan teknologi dapat menentukan berbagai prediksi seperti prediksi harga
 * Dengan adanya teknologi, kegiatan pemasaran dapat dilakukan lebih efektif dan efisien, mengingat penggunaan teknologi banyak pada kehidupan sehari-hari",te_2,97
624,"Teknologi dapat membantu bisnis untuk melakukan berbagai tugas secara lebih efisien dan efektif,
 TEKNOLOGI DAPAT MENINGKATKAN KEPUASAN PELANGGAN
 TEKNOLOGI DAPAT MENINGKATKAN PRODUKTIVITAS KARYAWAN",te_2,85
625,"mempermudah promosi
 memperluas jangkauan customer
 mempermudah analisis pasar
 memperluas reputasi jasa yang kita tawarkan
 mempermudah penargetan penjualan agar tepat sesuai marketnya",te_2,97
626,"-promosi jadi beragam
 -transaksi mudah
 -layanan menjadi cepat
 -menganalisis pasar lebih cepat",te_2,93
627,"otomatisasi sistem
 transaksi digital
 media promosi
 pelayanan cepat
 analisis digital untuk kebutuhan analisis pasar",te_2,95
628,"perhitungan cepat,
 minim kesalahan, 
 minim biaya",te_2,93
629,"* memberikan layanan yang lebih cepata kepada konsumen
 * mempermudah dalam proses transaksi
 * membantu membangun reputasi bisnis",te_2,93
630,"1. Perencanaan dan analisis data yang lebih baik dan akurat
 2. peningkatan efisiensi dan efektifitaas terhadap operasional dan produk
 3. kemudahan proses bisnis yang dilakukan dengan automatisasi dan mengurangi human error",te_2,97
631,"* Memantau perkembangan bisnis menjadi lebih mudah.
 * Memberikan layanan yang cepat kepada pelanggan.
 * Membantu promosi dengan lebih cepat dan mudah.",te_2,97
632,"Adapun keuntungan yang bisa diperoleh dari penerapan teknologi dalam kegiatan bisnis, yaitu sebagai berikut.
 * Peningkatan efisiensi operasional yang dapat menghemat waktu dan biaya operasional.
 * Peningkatan produktivitas dengan memberikan alat yang baik untuk bekerja
 * Akses ke informasi dan analisis dengan lebih cepat dan akurata",te_2,97
633,"* Efesiensi Operasional
 * Pengingkatan Kualitas Produk dan Kualitas Layanan
 * Peningkatan Produktivitas",te_2,97
634,"Efisiensi Operasional,
 Peningkatan Produktivitas,
 Perluasan Pasar,
 Analisis Data yang Lebih Baik,
 Peningkatan Layanan Pelanggan,
 Pengembangan Produk dan Inovasi,
 Keamanan Informasi,",te_2,97
635,"1. Dapat mengurangi pengeluaran untuk kebutuhan Marketing, karena saat ini marketing dapat dilakukan dalam bentuk video gambar maupun tulisan dan disebarkan menggunakan sosial media.
 2. Proses perhitungan keuntungan dan kerugian dapat dilihat dan dianalisis dengan mudah.
 3. Saat ini berkat AI yang semakin berkembang, dapat melihat trend apa yang kira2 sedang naik dan trend apa yang akan muncul kedepannya nanti.",te_2,95
636,"- mudahnya mengelola bisnis dengan adanya sistem komputasi / informasi
 - mudah dalam promosi dan periklanan dalam bisnis
 - mudahnya merekap data data bisnis jika menggunakan cloud",te_2,83
637,"1. Cepat
 2. Mudah
 3. Hemat",te_2,78
638,"Hardware adalah perangkat keras komputer yang mempunyai fisik (dapat disentuh dan dirasakan). Contoh : Mouse, Keyboard, CPU, RAM, Monitor",te_3,98
639,"Adalah bagian dari sistem komputer yang berbentuk fisik contohnya : 
 Mainboard
 CPU
 RAM
 Keyboard
 Monitor",te_3,98
640,"perangkat komputer yang yang memiliki wujud fisik.
 
 1. motherboard
 2. CPU
 3. soundcard
 4.grafickcard
 5. RAM",te_3,98
641,"hardware adalah perangkat keras dalam komputer
 
 1. cpu, atau processor
 2. ram
 3. storage seperti hard disk, ssd, dll
 4. motherboard, atai mainboard
 5. vga atau GPU",te_3,87
642,"Hardware adalah perangkat keras berbentuk fisik, contoh:mouse, komputer, keyboard, harddisk, ram",te_3,82
643,"hardware merupakan sebuah komponen komputer yang memiliki bentuk fisik yang dapat di pegang maupun di lihat yang dapat menerima, mengolah, dan menghasilkan data 
 
 contoh hardware;
 PERANGKAT INPUT: KEYBOARD
 PERANGKAT PEMROSESAN : CPU
 PERANGKAT OUTPUT : monitor, printer
 PERANGKAT PENYIMPANAN: SSD
 PERANGKAT PERIFERAL adalah perangkat tambahan yang dapat digunakan untuk menghubungkan komputer dengan perangkat lain: webcam",te_3,98
644,"hardware atau perangkat keras yang merujuk pada komponen komputer yang bisa diliat ataupun dipegang
 
 - VGA
 - Harddisk
 - Motherboard
 - CPU
 - RAM",te_3,98
645,"hardware adalah perangkat keras 
 
 contohnya adalah :
 RAM
 VGA / graphic card
 processor / CPU
 Hard disk
 SSD (solid state drive)
 mouse
 printer
 keyboard
 motherboard",te_3,80
646,"hardware adalah komponen dari komputer yang dapat dilihat secara fisik
 
 cpu, monitor, keyboard, mouse, speker, printer",te_3,95
647,"Hardware adalah SEMUA JENIS KOMPONEN PADA KOMPUTER YANG MEMILIKI BENTUK FISIK, BISA DI LIHAT, DAN DIRASAKAN. 
 
 contoh:
 CPU/Processor
 Monitor
 Keyboard
 Mouse
 Printer
 Speaker
 Laptop
 RAM/Memory",te_3,98
648,"hardware adalah suatu perangkat komputer yang berbentuk fisik yang dapat dilihat dan disentuh.
 
 contoh hardware :
 
 * printer
 * keyboard
 * monitor
 * mouse
 * motherboard",te_3,98
649,"hardware merupakan perangkat keras, merupakan perangkat elektronik yang dapat disentuh dan dilihat, juga sebagai perangkat yang menjalankan fungsi komputer
 -CPU
 -Motherboard
 -Monitor
 -Mouse
 -Printer",te_3,98
650,"Hardware adalah komponen fisik atau perangkat keras dari sebuah sistem komputer atau perangkat elektronik. Ini adalah bagian-bagian fisik yang dapat dilihat dan disentuh dalam sebuah perangkat, yang melakukan pemrosesan, penyimpanan, dan eksekusi tugas-tugas yang diberikan oleh pengguna atau perangkat lunak. Berikut adalah beberapa contoh hardware:
 
 * CPU
 * Motherboard
 * RAM
 * Router
 * Monitor",te_3,98
651,"Hardware merupakan perangkat yang terdapat pada komputer yang kita bisa lihat dengan mata serta disentuh dalam perangkat tersebut. beberapa contoh hardware adalah :
 
 * CPU (Central Processing Unit)
 * RAM ( Random Access Memory)
 * HDD ( Hard Disk Drive)
 * SSD ( Solid State Drive)
 * GPU ( Graphical Processing Unit)",te_3,98
652,"Hardware adalah komponen fisik dari sebuah sistem komputer yang dapat dilihat dan disentuh. Ini termasuk semua perangkat keras yang digunakan untuk menjalankan perangkat lunak (software) dan melakukan berbagai tugas dalam komputasi. Berikut adalah contoh-contoh hardware dalam komputer:
 Central Processing Unit (CPU),
 Memory (RAM),
 Hard Drive (HDD/SSD),
 Motherboard,
 Kartu Grafis (GPU),
 Monitor,
 Keyboard dan Mouse,
 Printer,
 Speaker dan Headset.",te_3,98
653,"Hardware adalah perangkat keras komputer atau device yang bisa dilihat dan dipegang secara fisik.
 
 contohnya seperti keyboard mouse monitor processor motherboard dan sebagainya",te_3,97
654,"Hardware merupakan suatu perangkat berbentuk fisik yang memiliki fungsinya masing-masing sebagai komponen dari komputer.
 
 Contohnya:
 - Mouse
 - keyboard
 - cpu
 - monitor
 - usb port",te_3,97
655,"hardware merupakan perangkat keras, contohnya monitor, keyboard dan benda lainnya yang dapat disentuh",te_3,72
656,Hardware adalah perangkat komputer yang memiliki komponen fisik yang dapat dilihat dan dirasakan.,te_3,47
657,"data adalah kumpulan fakta.
 informasi adalah data yang telah diolah.
 pengetahuan adalah pemahaman terkait informasi.",te_4,83
658,"data merupakan sebuah fakta yang masih mentah yang belum memiliki arti atau makna
 informasi data yang telah diolah dan memiliki makna
 pengetahuan merupakan infromasi yang telah di proses oleh pikiran yang dapat digunakan dalam melakukan pengambilakn keputusan atau pemecahan masalah",te_4,85
659,"Data adalah konten yang dapat diamati secara langsung atau dapat diverifikasi (fakta). 
 Informasi adalah konten yang mewakili data yang dianalisis. 
 Pengetahuan adalah segala wawasan, pemahaman, dan pengetahuan praktis yang kita semua miliki.
 
 Perbedaan dari data, informasi dan pengetahuan adalah data berada di dunia yang nyata memahami bahwa data ada, sementara informasi adalah kumpulan dari data yang dikirim atau diterima oleh individu atau organisasi, sedangkan pengetahuan berada di dalam diri individu tersebut melalui proses diterima, disadari dan dipahami hasil dari informasi tersebut.",te_4,90
660,"Data:
 * Data adalah kumpulan fakta mentah, angka, simbol, atau karakter yang tidak memiliki arti atau konteks tertentu.
 * Data belum memiliki nilai atau signifikansi tanpa proses pengolahan lebih lanjut.
 
 Informasi:
 * Informasi adalah data yang telah diolah atau diinterpretasi sehingga memiliki arti atau konteks yang jelas dan bermanfaat.
 * Informasi memberikan pemahaman tentang suatu situasi atau masalah tertentu.
 
 Pengetahuan:
 * Pengetahuan adalah pemahaman yang lebih mendalam atau konteks yang lebih luas yang dibangun di atas informasi.
 * Ini melibatkan interpretasi, analisis, pengalaman, dan pemahaman yang mendalam tentang suatu subjek atau domain.
 * Pengetahuan memungkinkan individu atau organisasi untuk membuat keputusan yang cerdas, memecahkan masalah, dan beroperasi dengan efisien.",te_4,93
661,"Data adalah bahan-bahan yang diperlukan untuk menghasilkan informasi, dan informasi adalah langkah pertama untuk membangun pengetahuan dan Pengetahuan adalah pemahaman yang lebih dalam terhadap Data dan Informasi yang kemudian dapat diterapkan atas informasi tersebut.",te_4,90
662,"Data: Data adalah kumpulan fakta mentah, angka, simbol, atau unsur-unsur lain yang belum memiliki konteks atau makna tertentu. Data belum diorganisir atau diolah sehingga tidak memberikan pemahaman yang signifikan. Contoh data adalah serangkaian angka, huruf, atau karakter yang mungkin tidak memiliki arti apapun tanpa konteks, seperti ""12345"" atau ""ABCDE.""
 
 Informasi: Informasi adalah data yang telah diolah, dianalisis, atau diinterpretasikan sehingga memiliki makna atau konteks yang bermanfaat. Informasi memberikan pemahaman tentang suatu situasi atau fenomena. Contoh informasi adalah hasil dari pengolahan data, seperti ""Rata-rata usia responden adalah 35 tahun,"" yang memberikan makna tentang usia responden dalam suatu penelitian.
 
 Pengetahuan: Pengetahuan adalah pemahaman yang lebih mendalam dan kontekstual yang didapatkan dari informasi. Ini melibatkan kemampuan untuk mengaitkan informasi dengan pengalaman, konsep, atau kerangka pemikiran yang lebih luas. Pengetahuan membantu individu atau organisasi membuat keputusan yang lebih baik dan mengambil tindakan yang tepat. Contoh pengetahuan adalah pemahaman tentang cara menjalankan bisnis yang sukses berdasarkan pengalaman dan analisis data yang melibatkan pasar, pelanggan, dan kompetitor.",te_4,97
663,"1. Data merupakan bahan mentah dari informasi.
 2. Informasi adalah hasil pengolahan data yang sudah dapat diterima oleh akal pikiran penerima informasi yang nantinya dapat digunakan untuk pengambilan keputusan.
 3. Pengetahuan adalah Pengetahuan terdiri dari informasi yang sudah diorganisasikan dan diproses untuk memperoleh pemahaman, pengalaman, pembelajaran yang terakumulasi, sehingga dapat diaplikasikan dalam masalah atau proses bisnis tertentu.",te_4,83
664,"1. Di Donasikan
 2. Di jual kembali
 3. Di perbaiki atau recycle",te_5,83
665,"menjual atau menyumbangkan barang elektronik yang sudah tidak terpakai.
 mendaur ulang sampah elektronik untuk mendapatkan bahan bahan yang masih dapat digunakan.
 kembaliMelakukan pengolahan sampah elektronik yang aman untuk mencegah terjadinya polusi udara dan air.",te_5,83
666,"- lakukan maintenance perangkat secara berkala agar tetap awet
 - simpan data secara online melalui cloud storage
 - lakukan perbaikan semampu mungkin apabila masih dapat diperbaiki hingga berfungsi setidaknya bare minimum
 - jual barang elektronik lama yang sudah tidak digunakan
 - beli perangkat yang hemat energi",te_5,87
667,"Mendaur ulang dan membuang limbah elektronik dengan benar
 Jual perangkat elektronik lama
 Menjaga Keawetan Barang Elektronik",te_5,80
668,"Jual Perangkat Elektronik lama
 Donasikan Perangkat Elektronik yang yidak terpakai
 Daur ulang atau membuang sampah elektronik dengan benar",te_5,85
669,"- memperbaiki perangkat sebelum membeli perangkat baru
 - melakukan recycle terhadap perangkat yang tidak lagi digunakan
 - menjual atau mendonasikan perangkat yang tidak lagi digunakan",te_5,83
670,"Berikut cara mengatasi sampah elektronik (e-waste):
 
 * Recycle
 * Donasi atau perdagangan kembali
 * Perawatan yang baik
 * Upaya perbaikan
 * Program pengembalian produsen",te_5,92
671,"* Pendauran Ulang
 * Pengumpulan E-Waste
 * Donasi / Pengumpulan Kembali
 * Pemuktahiran dan Perbaikan",te_5,88
672,"Recycling (Pengolahan Kembali),
 Donasi dan Pembaruan (Upcycling),
 Perawatan dan Pembelian yang Bijak.
 Tekonologi Ramah Lingkungan.",te_5,90
673,"melebur nya
 mendaur ulang
 jadikan kerajinan tangan",te_5,83
674,"1. Melakukan perbaikan
 2. Part yang sudah tidak bisa dipakai bisa dilakukan peleburan untuk mengambil komponen2 seperti emas yang berada di motherboard.
 3. Plastik plastik yang ada di komponen tersebut bisa di lelehkan untuk dibuat produk lainnya",te_5,85
675,"daur ulang
 perawatan yang baik agar lebih tahan lama
 memiliki barang elektronik secukupnya",te_5,73
676,"cara mengatasi sampah elektronik :
 1. Menjual kembali barang tersebut
 2. Donasikan barang
 3. Menyewakan barang",te_5,77
677,"reduce, reuse, recycle",te_5,77
678,"* donasikan barang elektronik yang lama
 * menjual barang elektronik
 * menjaga barang elektronik",te_5,77
679,"* Mendonasikan barang elektronik ke orang yang membutuhkan.
 * Menjual barang elektronik.
 * Menjaga barang elektronik.",te_5,77
680,"Menjaga barang elektronik
 Menyimpan data secara Online
 Memperbaiki alat elektronik yg rusak",te_5,53
681,"* Daur ulang
 *",te_5,37
682,Volatile memory adalah salah satu jenis memori yang membutuhkan listrik untuk menggunakannya. Jika listrik mati data yang disimpan akan hilang.,te_6,93
683,Merupakan jenis memori dalam komputasi yang membutuhkan daya untuk menyimpan informasi yang disimpan,te_6,80
684,memori yang ketika daya listrik dimatikan maka data yang tersimpan akan menghilang.,te_6,93
685,Volatile memory (memori volatil) adalah jenis memori komputer yang kehilangan data yang tersimpan di dalamnya saat daya listrik atau daya komputer dimatikan atau terputus.,te_6,93
686,merupakan jenis memori yang membutuhkan daya untuk mempertahankan informasi yang tersimpan sehingga ketika dimatikan data yang tersimpan akan hilang salah satu contoh volatile memory : RAM,te_6,83
687,"volatile memory adalah memori yang menyimpan data yang sifatnya hanya ada ketika ada dayanya/powernya
 
 berarti data akan hilang jika daya/powernya hilang.",te_6,93
688,Arti volatile dalam memory adalah jenis memori yang menyimpan datanya hanya saat perangkat diberi daya,te_6,93
689,volatile memory merupakan JENIS MEMORI DALAM KOMPUTASI YANG MEMBUTUHKAN DAYA UNTUK MENYIMPAN INFORMASI YANG DISIMPAN contoh dari media penyimpanan jenis volatile memory adalam RAM. Data-data yang tersimpan didalam RAM rutin diperbaharui secara berkala untuk menghidari data yang tersimpan hilang.,te_6,83
690,merupakan jenis memori yang membutuhkan daya untuk menyimpan informasi yang disimpan,te_6,80
691,volatile memory merupaka jenis memori komputer yang kehilangan data yang disimpan di dalamnya saat daya listrik terputus atau perangkat dimatikan,te_6,93
692,Volatile Memory adalah jenis memori yang membutuhkan daya untuk melakukan penyimpanan informasi.,te_6,80
693,"Volatile memory, atau dikenal juga sebagai RAM (Random Access Memory), adalah jenis memori komputer yang digunakan untuk menyimpan data sementara yang diperlukan oleh komputer saat sedang dioperasikan. Karakteristik utama dari volatile memory adalah bahwa data yang disimpan di dalamnya akan hilang saat daya listrik komputer dimatikan atau ketika komputer dimatikan.",te_6,93
694,VOLATILE MEMORY (memori yang mudah hilang) adalah jenis memori dimana komputer yang menyimpan data hanya saat daya listrik disuplai ke komputer. Data tersebut akan hilang jika daya listrik terputus atau dimatikan.,te_6,93
695,"Volatile memoryadalah jenis memori komputer yang kehilangan data yang disimpan di dalamnya ketika daya listrik diputuskan atau ketika komputer dimatikan. Dalam hal ini, ""volatile"" berarti sifat memori ini yang tidak dapat menyimpan data dalam jangka waktu yang lama tanpa pasokan daya listrik terus-menerus.
 
 Karakteristik utama dari volatile memory adalah kecepatan akses yang tinggi dan kemampuan untuk digunakan sebagai tempat penyimpanan data yang aktif selama komputer dalam keadaan hidup. Namun, karena sifatnya yang volatil, data yang penting harus disimpan di media penyimpanan yang lebih permanen, seperti hard drive atau solid-state drive (SSD), untuk menghindari kehilangan data saat komputer dimatikan.",te_6,93
696,"memori yang menyimpan datanya hanya saat perangkat diberi daya, jika dayanya hilang maka datanya akan hilang juga",te_6,90
697,Salah satu jenis memory yang berfungsi ketika diberikan daya.,te_6,77
698,memory yang tidak stabil,te_6,43
699,ukuran satistik harga sekuritas dalam periode waktu tertentu,te_6,0
700,"* LCD: Liquid Crystal Display
 * CPU: Central Processing Unit
 * GPS: Global Positioning System",te_7,100
701,"LCD : Liquid Crystal Display
 
 CPU : Central Processing Unit
 
 GPS : Global Positioning System",te_7,100
702,"Liquid Crystal Display
 Central Processing Unit
 Global Positioning System",te_7,100
703,"kepanjangan:
 
 LCD =LIQUID CRYSTAL DISPLAY. 
 CPU =CENTRAL PROCESSING UNIT
 GPS =GLOBAL POSITIONING SYSTEM",te_7,100
704,"LCD = Liquid Crystal Display
 CPU = Central Processing Unit
 GPS = Global Positioning System",te_7,100
705,"LCD = liquid crystal display
 CPU = central processing unit
 GPS = global positioning system",te_7,100
706,"Liquid-crystal display
 Central processing unit
 Global Positioning System",te_7,100
707,"lcd = liquid crystal display
 cpu = central processing unit
 gps = global positioning system",te_7,100
708,"LCD : Liquid Crystal Display
 CPU : Central Processing Unit
 GPS : Global Positioning System",te_7,100
709,"- LIQUID CRYSTAL DISPLAY.
 - CENTRAL PROCESSING UNIT.
 - GLOBAL POSITIONING SYSTEM.",te_7,100
710,"LCD = Liquid Crystal Display
 CPU = Central Processing Unit
 GPS = Global Positioning System",te_7,100
711,"Berikut kepanjangan dari LCD, CPU, dan GPS:
 
 * LCD: Liquid Crystal Display
 * CPU: Central Processing Unit
 * GPS: Global Positioning System",te_7,100
712,"LCD ( Liquid Crystal Display)
 CPU ( Central Processing Unit)
 GPS (Global Positioning System)",te_7,100
713,"LCD: Liquid Crystal Display
 * LCD adalah teknologi layar yang menggunakan kristal cair untuk mengontrol pencahayaan dan menampilkan gambar atau teks pada layar. Layar LCD digunakan dalam berbagai perangkat, seperti monitor komputer, televisi, ponsel cerdas, dan banyak perangkat elektronik lainnya.
 
 CPU: Central Processing Unit
 * CPU adalah otak dari komputer yang bertanggung jawab untuk menjalankan instruksi-instruksi dalam perangkat lunak dan melakukan operasi pemrosesan data. Ini adalah komponen utama dalam komputer dan berperan dalam menjalankan tugas-tugas komputasi.
 
 GPS: Global Positioning System
 * GPS adalah sistem navigasi satelit yang digunakan untuk menentukan lokasi dan posisi di permukaan Bumi dengan akurasi tinggi. Ini menggunakan sejumlah satelit di orbit Bumi untuk menghitung koordinat geografis dan memberikan informasi lokasi yang akurat pada perangkat yang dilengkapi dengan GPS.",te_7,100
714,"lcd liquid crystal display
 cpu centrao processing unit
 gps global positioning system",te_7,90
715,"Liquid Crystal Display
 Central Processing Unit
 Global Positioning System",te_7,100
716,"cpu => Central Processing Unit. 
 vga =>video graphics adapter
 lcd => liquid crystal display",te_7,67
717,"LCD adalah type panel layar yang digunakan untuk menampilkan data
 CPU adalah inti dari komputer 
 GPS adalah alat untuk menentukan letak geografis",te_7,10
718,"Cupcake
 Donut
 Eclair
 Froyo ( Frozen Yoghurt)
 Gingerbread
 Honeycomb
 Ice Cream Sandwich
 Jelly Bean
 Kit Kat
 Marshmellow
 Nougat
 Oreo
 Pie
 Android Q
 Red Velvet Cake
 Snow Cone
 Tiramisu",te_8,95
719,"Cupcake
 Donut
 Eclair
 Froyo
 JellyBean
 Lollipop
 Marshmallow
 Nougat
 Pie
 Android 10
 Android 11
 Android 12",te_8,93
720,"* Cupcake (Android 1.5)
 * Donut (Android 1.6)
 * Eclair (Android 2.0 - 2.1)
 * Froyo (Android 2.2 - 2.2.3)
 * Gingerbread (Android 2.3 - 2.3.7)
 * Honeycomb (Android 3.0 - 3.2.6)
 * Ice Cream Sandwich (Android 4.0 - 4.0.4)
 * Jelly Bean (Android 4.1 - 4.3.1)
 * KitKat (Android 4.4 - 4.4.4)
 * Lollipop (Android 5.0 - 5.1.1)
 * Marshmallow (Android 6.0 - 6.0.1)
 * Nougat (Android 7.0 - 7.1.2)
 * Oreo (Android 8.0 - 8.1)
 * Pie (Android 9)
 * Android 10
 * Android 11
 * Android 12
 * Android 13",te_8,100
721,"* Cucpake
 * Donut
 * Jelly Bean
 * KitKat
 * Lolipop
 * Marshmallow
 * Nougat
 * Oreo
 * Pie",te_8,87
722,"nama versi android :
 donut
 eclair 
 froyo
 gingerbread
 honeycomb
 ice cream sandwich
 jelly bean
 kitkat
 lollipop
 marshmallow
 nougat
 oreo 
 pie 
 Q
 Red velvet cake
 snow cone 
 tiramisu",te_8,92
723,"donut
 eclair
 froyo (rozen yoghurt)
 gingerbread
 honeycomb
 ice cream sandwich
 jelly bean
 kitkat
 lollipop
 marshmallow
 nougat
 oreo
 pie
 android q
 red velvet cake
 snow cone
 tiramisu",te_8,93
724,"Android 1.6 (Donut)
 Android 2.0 – 2.1 (Eclair)
 Android 2.2 (Frozen Yoghurt – Froyo)\
 Android 2.3 (Gingerbread)
 Android 3.0 – 3.2 (Honeycomb)
 Android 4.0 (Ice Cream Sandwich)
 Android 4.1 – 4.3 (Jelly Bean)
 Android 4.4 (KitKat)
 Android 5.0 (Lollipop)
 Android 6.0 (Marshmallow)
 Android 7.0 – 7.1 (Nougat)
 Android 8.0 – 8.1 (Oreo)
 Android 9 (Pie)
 Android 10 (Android Q)
 Android 11 (Red Velvet Cake)
 Android 12 (Snow Cone)
 Android 13 (Tiramisu)",te_8,97
725,"v 1.5 Cupcake
 v 1.6 Donut
 v 2.0 Eclair
 v 2.2 Froyo
 v 2.3 Gingerbread
 v 3.0 Honeycomb
 v 4.0 Ice Cream Sandwich
 v 4.1 Jelly Bean
 v 4.4 KitKat
 v 5.0 Lollipop
 v 6.0 Marshmallow
 v 7.0 Nougat
 v 8.0 Oreo
 v 9.0 Pie
 v 10 Android 10
 v 11 Android 11
 v 12 Android 12
 v 13 Android 13",te_8,100
726,"cupcake, donut, eclair, froyo, gingerbread, honecomb, icecream, jellybean, kitkat, lolipop, marsmelow, nougat, oreo, pie",te_8,88
727,"* Cupcake
 * Donut
 * Eclair
 * Froyo
 * Gingerbread
 * Honeycomb
 * Ice Cream Sandwich
 * Jelly Bean
 * KitKat
 * Lollipop
 * Marshmallow
 * Nougat
 * Oreo
 * Pie
 * Android Q
 * Red Velvet Cake
 * Snow Cone
 * Tiramisu",te_8,95
728,"Berikut nama versi android dari Cupcake hingga saat ini:
 
 * Cupcake (Android 1.5)
 * Donut (Android 1.6)
 * Eclair (Android 2.0 - 2.1)
 * Froyo (Frozen Yogurt) (Android 2.2 - 2.2.3)
 * Gingerbread (Android 2.3 - 2.3.7)
 * Honeycomb (Android 3.0 - 3.2.6)
 * Ice Cream Sandwich (Android 4.0 - 4.0.4)
 * Jelly Bean (Android 4.1 - 4.3.1)
 * KitKat (Android 4.4 - 4.4.4)
 * Lollipop (Android 5.0 - 5.1.1)
 * Marshmallow (Android 6.0 - 6.0.1)
 * Nougat (Android 7.0 - 7.1.2)
 * Oreo (Android 8.0 - 8.1)
 * Pie (Android 9)
 * Android 10
 * Android 11
 * Android 12",te_8,100
729,"* ANDROID 1.5 CUPCAKE 
 * ANDROID 1.6 DONUT 
 * ANDROID 2.0/2.1 ECLAIR 
 * ANDROID 2.2 FROYO 
 * ANDROID 2.3 GINGERBREAD
 * ANDROID 3.0/3.1/3.2 HONEYCOMB
 * ANDROID 4.0 ICE CREAM SANDWICH
 * ANDROID 4.1/4.2/4.3 JELLY BEAN 
 * ANDROID 4.4 KITKAT 
 * ANDROID 5.0/5.1 LOLLIPOP 
 * ANDROID 6.0 MARSHMALLOW 
 * ANDROID 7.0/7.1 NOUGAT 
 * ANDROID 8.0/8.1 OREO 
 * ANDROID 9 PIE
 * ANDROID 10 
 * ANDROID 11",te_8,97
730,"* Cupcake: Android 1.5 (April 2009)
 * Donut: Android 1.6 (September 2009)
 * Eclair: Android 2.0/2.1 (Oktober 2009)
 * Froyo: Android 2.2 (Mei 2010)
 * Gingerbread: Android 2.3 (Desember 2010)
 * Honeycomb: Android 3.0/3.1/3.2 (Februari 2011)
 * Ice Cream Sandwich: Android 4.0 (Oktober 2011)
 * Jelly Bean: Android 4.1/4.2/4.3 (Juli 2012)
 * KitKat: Android 4.4 (Oktober 2013)
 * Lollipop: Android 5.0/5.1 (November 2014)
 * Marshmallow: Android 6.0 (Oktober 2015)
 * Nougat: Android 7.0/7.1 (Agustus 2016)
 * Oreo: Android 8.0/8.1 (Agustus 2017)
 * Pie: Android 9 (Agustus 2018)
 * Android 10: Android 10 (September 2019)
 * Android 11: Android 11 (September 2020)
 * Android 12: Android 12 ( Oktober 2021)",te_8,100
731,"Donut, Eclair, Frozen Yogurt, Gingerbread, Honeycomb, Ice Cream Sandwich, Jelly Bean, Kit Kat, Lollipop, Marshmallow, Nougat, Oreo, Pie, Android Q, Red Velvet Cake, Snow Cone, Tiramisu",te_8,92
732,"Donut, Gingerbread, Honeycomb, Ice Cream, Jellybean, Kitkat, Lollipop, Marshmallow, Nutella, Oreo, Pie,",te_8,73
733,"ice cream sandwich, jelly bean, kitkat, lolipop, marshmallow, nuget, oreo, pancake",te_8,63
734,android 1.5,te_8,13
735,"LAN (Local Area Network) adalah susunan fisik atau geometri yang menggambarkan bagaimana perangkat dalam jaringan terhubung satu sama lain.
 
 - bintang
 
 - bus
 
 - cincin",te_9,80
736,"Topologi jaringan LAN adalah jaringan komputer yang terdiri dari dari beberapa komputer yang saling terhubung dalam suatu area yang relatif kecil.
 
 Contoh topologi:
 
 * Topologi Ring
 * Topologi Star
 * Topologi Tree",te_9,88
737,"Topologi jaringan LAN (Local Area Network) mengacu pada cara fisik atau struktural di mana perangkat dalam jaringan lokal terhubung satu sama lain. Berikut adalah beberapa contoh topologi jaringan LAN yang umum digunakan:
 
 * Bus Topology
 * Star Topology
 * Ring Topology
 * Mesh Topology
 * Hybrid Topology",te_9,90
738,"TOPOLOGI JARINGAN LAN (Local Area Network) adalah pola atau susunan fisik dari bagaimana perangkat di dalam jaringan terhubung satu sama lain. beberapa contoh topologi LAN adalah :
 
 Topologi Bintang/Star
 Topologi Bus
 Topologi Cincin",te_9,88
739,"Topologi jaringan LAN adalah metode menghubungkan node agar terhubung dalam satu jaringan LAN/Lokal, Contoh: Bus, Star, Ring",te_9,77
740,"LAN (Local Area Network) mencakup wilayah lokal, dengan topologi star, bus, ring",te_9,65
741,"LAN merupakann jaringan komputer yang menghubungkan komputer dengan prangkat jaringan lainnya YANG CAKUPANNYA TERBATAS, biasanya hanya beberapa kilometer.
 
 contoh torpologi:
 
 torpologibus
 
 torpologistar
 
 torpologiring",te_9,68
742,"komputer komputer yang saling berhubungan/dihubungkan bersamaan dalam satu area yang kecil.
 
 contoh : mesh, bus, star, ring, hybrid, tree",te_9,63
743,"LAN merupakan jaringan internet dengan jangkauan mencakup wilayah lokal
 
 contoh : telephon, internet, sharing data",te_9,60
744,"LAN adalah suatu jaringan komputer yang cakupan wilayahnya hanya mencakup wilayah lokal saja atau terbatas. Contoh yang termasuk jaringan LAN adalah jaringan komputer di perkantoran, sekolah, cafe, rumah pribadi",te_9,60
745,"perangkat yang terhubung dengan jaringan satu sama lain
 
 1. Topologi star
 2. Topologi bus
 3. Topologi ring",te_9,58
746,"LAN atau local area network, adalah topologi jaringan yang diciptakan untuk satu tempat atau bangunan tertentu.
 
 selain LAN ada juga WAN, MAN, dan PAN",te_9,53
747,Topologi LAN merupakan metode yang menghubungkan jaringan 2 komputer atau lebih,te_9,53
748,"Jaringan Lan adalah Keperluan Informasi Dan Komunikasi Dengan jaringan komputer, setiap pekerjaan diharapkan dapat selesai dengan cepat. 
 
 Telepon, Setting router atau access point, Internet",te_9,47
749,"Jaringan LAN berfungsi untuk menghubungkan perangkat jaringan dalam kondisi jangkauan yang relatif kecil. Lan merupakan salah satu tipe jaringan komputer yang umum dijumpai. 
 
 Contoh:",te_9,47
750,"local area network, topologi bus, star, ring",te_9,53
751,"Topologi LAN merupakan suatu Jenis Jaringan Komputer dengan mencakup wilayah lokal.
 
 Topologi RING
 
 Topologi",te_9,58
752,Bluetooth adalah media komunikasi tanpa kabel (wireless) antar perangkat untuk dapat bertukar informasi dengan jarak dekat.,te_10,92
753,Bluetooth adalah sebuah teknologi nirkabel yang digunakan untuk menghubungkan dan mentransfer data antara perangkat elektronik yang berdekatan satu sama lain secara singkat dan sederhana.,te_10,90
754,teknologi yang memnungkinkan mengirim data atau file melalui frekuensi secara nirkabel,te_10,82
755,"secara bahasa adalah GIGI BIRU
 
 secara teknologi, bluetooth adalah teknologi wireless jarak dekat yang digunakan untuk melakukan pertukaran data berupa teks, gambar, ataupun audio 
 
 bluetooth beroperasi dalam pita frekuensi 2.4 GHz",te_10,97
756,Bluetooth adalah teknologi yang memungkinkan perangkat satu dengan yang lainnya saling terhubung tanpa membutuhkan kabel.,te_10,83
757,"bluetooth merupakan sebuah teknologi komunikasi wirelessyang digunakan untuk menghubungkan perangkat elektronik, seperti hp, tablet, laptop, dan perangkat audio, secara nirkabel.",te_10,82
758,Bluetooth adalah teknologi yang memungkinkan untuk menghubungkan perangkat satu dengan perangkat lainnya tanpa membutuhkan kabel.,te_10,82
759,"Bluetooth adalah teknologi nirkabel yang digunakan untuk menghubungkan perangkat elektronik dengan perangkat lainnya dalam jarak pendek. Ini memungkinkan perangkat seperti ponsel cerdas, laptop, speaker, keyboard, dan banyak lagi untuk berkomunikasi dan bertukar data satu sama lain tanpa perlu kabel fisik.",te_10,95
760,BLUETOOTH adalah teknologi nirkabel yang digunakan untuk mentransfer data antar perangkat elektronik melalui gelombang radio frekuensi. Teknologi ini dirancang untuk menghubungkan perangkat elektronik secara sederhana dan mudah tanpa perlu kabel fisik.,te_10,88
761,"Bluetooth adalah sebuah standar komunikasi nirkabel yang digunakan untuk mentransfer data antara perangkat elektronik secara jarak pendek. Teknologi ini memungkinkan perangkat seperti ponsel cerdas, laptop, headset, keyboard, mouse, speaker, dan banyak perangkat lainnya untuk terhubung dan berkomunikasi satu sama lain tanpa menggunakan kabel fisik.",te_10,95
762,"menghubungkan periferal ke ponsel, desktop, dan leptop secara nirkabel",te_10,82
763,Perangkat yang dapat menghubungkan dari device A dan Device B tanpa harus menggunakan Kabel.,te_10,82
764,teknologi untuk mengirim data tanpa kabel,te_10,70
765,Bluetooh adalah jaringan tanpa kabel,te_10,63